{"cameraMode":{"drawMode":0,"name":"Shaded","section":"Shading Mode"},"sceneLighting":false,"audioPlay":false,"sceneViewState":{"showFog":true,"showMaterialUpdate":false,"showSkybox":false,"showFlares":true,"showImageEffects":true,"showParticleSystems":true},"in2DMode":false,"pivot":{"x":-0.14534783363342286,"y":-35.951637268066409,"z":58.929542541503909},"rotation":{"x":0.0036604239139705898,"y":0.6468740105628967,"z":-0.7625828385353088,"w":0.0031051423866301777},"size":233.95773315429688,"orthographic":false}