{"cameraMode":{"drawMode":0,"name":"Shaded","section":"Shading Mode"},"sceneLighting":false,"audioPlay":false,"sceneViewState":{"showFog":true,"showMaterialUpdate":false,"showSkybox":false,"showFlares":true,"showImageEffects":true,"showParticleSystems":true},"in2DMode":false,"pivot":{"x":-2.0383780002593996,"y":1.2776556015014649,"z":2.2329368591308595},"rotation":{"x":0.412528932094574,"y":-0.06277808547019959,"z":0.028511546552181245,"w":0.908331036567688},"size":20.448488235473634,"orthographic":false}